{"_runtime":557.056032375,"iteration":2330,"train_loss":5.742762521666751,"learning_rate":0.001,"_timestamp":1.762455124444463e+09,"_step":2330,"dev_loss":5.719549050439026,"_wandb":{"runtime":557}}